zid,MSE,correlation
5330254,0.04371240880565542,0.5786159793015615
