zid,average_precision,average_recall,accuracy
5330254,0.7290113928987841,0.5232783538570595,0.8211807530428847
